[{"model": "admin.logentry", "pk": 1, "fields": {"action_time": "2025-06-02T13:26:52.856Z", "user": 1, "content_type": 8, "object_id": "3", "object_repr": "Nhân Viên 1", "action_flag": 1, "change_message": "[{\"added\": {}}]"}}, {"model": "admin.logentry", "pk": 2, "fields": {"action_time": "2025-06-02T13:27:12.382Z", "user": 1, "content_type": 8, "object_id": "3", "object_repr": "Employee ", "action_flag": 2, "change_message": "[{\"changed\": {\"fields\": [\"First name\", \"Last name\"]}}]"}}, {"model": "auth.permission", "pk": 1, "fields": {"name": "Can add log entry", "content_type": 1, "codename": "add_logentry"}}, {"model": "auth.permission", "pk": 2, "fields": {"name": "Can change log entry", "content_type": 1, "codename": "change_logentry"}}, {"model": "auth.permission", "pk": 3, "fields": {"name": "Can delete log entry", "content_type": 1, "codename": "delete_logentry"}}, {"model": "auth.permission", "pk": 4, "fields": {"name": "Can view log entry", "content_type": 1, "codename": "view_logentry"}}, {"model": "auth.permission", "pk": 5, "fields": {"name": "Can add permission", "content_type": 2, "codename": "add_permission"}}, {"model": "auth.permission", "pk": 6, "fields": {"name": "Can change permission", "content_type": 2, "codename": "change_permission"}}, {"model": "auth.permission", "pk": 7, "fields": {"name": "Can delete permission", "content_type": 2, "codename": "delete_permission"}}, {"model": "auth.permission", "pk": 8, "fields": {"name": "Can view permission", "content_type": 2, "codename": "view_permission"}}, {"model": "auth.permission", "pk": 9, "fields": {"name": "Can add group", "content_type": 3, "codename": "add_group"}}, {"model": "auth.permission", "pk": 10, "fields": {"name": "Can change group", "content_type": 3, "codename": "change_group"}}, {"model": "auth.permission", "pk": 11, "fields": {"name": "Can delete group", "content_type": 3, "codename": "delete_group"}}, {"model": "auth.permission", "pk": 12, "fields": {"name": "Can view group", "content_type": 3, "codename": "view_group"}}, {"model": "auth.permission", "pk": 13, "fields": {"name": "Can add content type", "content_type": 4, "codename": "add_contenttype"}}, {"model": "auth.permission", "pk": 14, "fields": {"name": "Can change content type", "content_type": 4, "codename": "change_contenttype"}}, {"model": "auth.permission", "pk": 15, "fields": {"name": "Can delete content type", "content_type": 4, "codename": "delete_contenttype"}}, {"model": "auth.permission", "pk": 16, "fields": {"name": "Can view content type", "content_type": 4, "codename": "view_contenttype"}}, {"model": "auth.permission", "pk": 17, "fields": {"name": "Can add session", "content_type": 5, "codename": "add_session"}}, {"model": "auth.permission", "pk": 18, "fields": {"name": "Can change session", "content_type": 5, "codename": "change_session"}}, {"model": "auth.permission", "pk": 19, "fields": {"name": "Can delete session", "content_type": 5, "codename": "delete_session"}}, {"model": "auth.permission", "pk": 20, "fields": {"name": "Can view session", "content_type": 5, "codename": "view_session"}}, {"model": "auth.permission", "pk": 21, "fields": {"name": "Can add attribute", "content_type": 6, "codename": "add_attribute"}}, {"model": "auth.permission", "pk": 22, "fields": {"name": "Can change attribute", "content_type": 6, "codename": "change_attribute"}}, {"model": "auth.permission", "pk": 23, "fields": {"name": "Can delete attribute", "content_type": 6, "codename": "delete_attribute"}}, {"model": "auth.permission", "pk": 24, "fields": {"name": "Can view attribute", "content_type": 6, "codename": "view_attribute"}}, {"model": "auth.permission", "pk": 25, "fields": {"name": "Can add product", "content_type": 7, "codename": "add_product"}}, {"model": "auth.permission", "pk": 26, "fields": {"name": "Can change product", "content_type": 7, "codename": "change_product"}}, {"model": "auth.permission", "pk": 27, "fields": {"name": "Can delete product", "content_type": 7, "codename": "delete_product"}}, {"model": "auth.permission", "pk": 28, "fields": {"name": "Can view product", "content_type": 7, "codename": "view_product"}}, {"model": "auth.permission", "pk": 29, "fields": {"name": "Can add user", "content_type": 8, "codename": "add_user"}}, {"model": "auth.permission", "pk": 30, "fields": {"name": "Can change user", "content_type": 8, "codename": "change_user"}}, {"model": "auth.permission", "pk": 31, "fields": {"name": "Can delete user", "content_type": 8, "codename": "delete_user"}}, {"model": "auth.permission", "pk": 32, "fields": {"name": "Can view user", "content_type": 8, "codename": "view_user"}}, {"model": "auth.permission", "pk": 33, "fields": {"name": "Can add attribute value", "content_type": 9, "codename": "add_attributevalue"}}, {"model": "auth.permission", "pk": 34, "fields": {"name": "Can change attribute value", "content_type": 9, "codename": "change_attributevalue"}}, {"model": "auth.permission", "pk": 35, "fields": {"name": "Can delete attribute value", "content_type": 9, "codename": "delete_attributevalue"}}, {"model": "auth.permission", "pk": 36, "fields": {"name": "Can view attribute value", "content_type": 9, "codename": "view_attributevalue"}}, {"model": "auth.permission", "pk": 37, "fields": {"name": "Can add cart", "content_type": 10, "codename": "add_cart"}}, {"model": "auth.permission", "pk": 38, "fields": {"name": "Can change cart", "content_type": 10, "codename": "change_cart"}}, {"model": "auth.permission", "pk": 39, "fields": {"name": "Can delete cart", "content_type": 10, "codename": "delete_cart"}}, {"model": "auth.permission", "pk": 40, "fields": {"name": "Can view cart", "content_type": 10, "codename": "view_cart"}}, {"model": "auth.permission", "pk": 41, "fields": {"name": "Can add comment user", "content_type": 11, "codename": "add_commentuser"}}, {"model": "auth.permission", "pk": 42, "fields": {"name": "Can change comment user", "content_type": 11, "codename": "change_commentuser"}}, {"model": "auth.permission", "pk": 43, "fields": {"name": "Can delete comment user", "content_type": 11, "codename": "delete_commentuser"}}, {"model": "auth.permission", "pk": 44, "fields": {"name": "Can view comment user", "content_type": 11, "codename": "view_commentuser"}}, {"model": "auth.permission", "pk": 45, "fields": {"name": "Can add comment seller", "content_type": 12, "codename": "add_commentseller"}}, {"model": "auth.permission", "pk": 46, "fields": {"name": "Can change comment seller", "content_type": 12, "codename": "change_commentseller"}}, {"model": "auth.permission", "pk": 47, "fields": {"name": "Can delete comment seller", "content_type": 12, "codename": "delete_commentseller"}}, {"model": "auth.permission", "pk": 48, "fields": {"name": "Can view comment seller", "content_type": 12, "codename": "view_commentseller"}}, {"model": "auth.permission", "pk": 49, "fields": {"name": "Can add comment image", "content_type": 13, "codename": "add_commentimage"}}, {"model": "auth.permission", "pk": 50, "fields": {"name": "Can change comment image", "content_type": 13, "codename": "change_commentimage"}}, {"model": "auth.permission", "pk": 51, "fields": {"name": "Can delete comment image", "content_type": 13, "codename": "delete_commentimage"}}, {"model": "auth.permission", "pk": 52, "fields": {"name": "Can view comment image", "content_type": 13, "codename": "view_commentimage"}}, {"model": "auth.permission", "pk": 53, "fields": {"name": "Can add order", "content_type": 14, "codename": "add_order"}}, {"model": "auth.permission", "pk": 54, "fields": {"name": "Can change order", "content_type": 14, "codename": "change_order"}}, {"model": "auth.permission", "pk": 55, "fields": {"name": "Can delete order", "content_type": 14, "codename": "delete_order"}}, {"model": "auth.permission", "pk": 56, "fields": {"name": "Can view order", "content_type": 14, "codename": "view_order"}}, {"model": "auth.permission", "pk": 57, "fields": {"name": "Can add payment", "content_type": 15, "codename": "add_payment"}}, {"model": "auth.permission", "pk": 58, "fields": {"name": "Can change payment", "content_type": 15, "codename": "change_payment"}}, {"model": "auth.permission", "pk": 59, "fields": {"name": "Can delete payment", "content_type": 15, "codename": "delete_payment"}}, {"model": "auth.permission", "pk": 60, "fields": {"name": "Can view payment", "content_type": 15, "codename": "view_payment"}}, {"model": "auth.permission", "pk": 61, "fields": {"name": "Can add category", "content_type": 16, "codename": "add_category"}}, {"model": "auth.permission", "pk": 62, "fields": {"name": "Can change category", "content_type": 16, "codename": "change_category"}}, {"model": "auth.permission", "pk": 63, "fields": {"name": "Can delete category", "content_type": 16, "codename": "delete_category"}}, {"model": "auth.permission", "pk": 64, "fields": {"name": "Can view category", "content_type": 16, "codename": "view_category"}}, {"model": "auth.permission", "pk": 65, "fields": {"name": "Can add product rating", "content_type": 17, "codename": "add_productrating"}}, {"model": "auth.permission", "pk": 66, "fields": {"name": "Can change product rating", "content_type": 17, "codename": "change_productrating"}}, {"model": "auth.permission", "pk": 67, "fields": {"name": "Can delete product rating", "content_type": 17, "codename": "delete_productrating"}}, {"model": "auth.permission", "pk": 68, "fields": {"name": "Can view product rating", "content_type": 17, "codename": "view_productrating"}}, {"model": "auth.permission", "pk": 69, "fields": {"name": "Can add product variant", "content_type": 18, "codename": "add_productvariant"}}, {"model": "auth.permission", "pk": 70, "fields": {"name": "Can change product variant", "content_type": 18, "codename": "change_productvariant"}}, {"model": "auth.permission", "pk": 71, "fields": {"name": "Can delete product variant", "content_type": 18, "codename": "delete_productvariant"}}, {"model": "auth.permission", "pk": 72, "fields": {"name": "Can view product variant", "content_type": 18, "codename": "view_productvariant"}}, {"model": "auth.permission", "pk": 73, "fields": {"name": "Can add cart detail", "content_type": 19, "codename": "add_cartdetail"}}, {"model": "auth.permission", "pk": 74, "fields": {"name": "Can change cart detail", "content_type": 19, "codename": "change_cartdetail"}}, {"model": "auth.permission", "pk": 75, "fields": {"name": "Can delete cart detail", "content_type": 19, "codename": "delete_cartdetail"}}, {"model": "auth.permission", "pk": 76, "fields": {"name": "Can view cart detail", "content_type": 19, "codename": "view_cartdetail"}}, {"model": "auth.permission", "pk": 77, "fields": {"name": "Can add store", "content_type": 20, "codename": "add_store"}}, {"model": "auth.permission", "pk": 78, "fields": {"name": "Can change store", "content_type": 20, "codename": "change_store"}}, {"model": "auth.permission", "pk": 79, "fields": {"name": "Can delete store", "content_type": 20, "codename": "delete_store"}}, {"model": "auth.permission", "pk": 80, "fields": {"name": "Can view store", "content_type": 20, "codename": "view_store"}}, {"model": "auth.permission", "pk": 81, "fields": {"name": "Can add order detail", "content_type": 21, "codename": "add_orderdetail"}}, {"model": "auth.permission", "pk": 82, "fields": {"name": "Can change order detail", "content_type": 21, "codename": "change_orderdetail"}}, {"model": "auth.permission", "pk": 83, "fields": {"name": "Can delete order detail", "content_type": 21, "codename": "delete_orderdetail"}}, {"model": "auth.permission", "pk": 84, "fields": {"name": "Can view order detail", "content_type": 21, "codename": "view_orderdetail"}}, {"model": "auth.permission", "pk": 85, "fields": {"name": "Can add store rating", "content_type": 22, "codename": "add_storerating"}}, {"model": "auth.permission", "pk": 86, "fields": {"name": "Can change store rating", "content_type": 22, "codename": "change_storerating"}}, {"model": "auth.permission", "pk": 87, "fields": {"name": "Can delete store rating", "content_type": 22, "codename": "delete_storerating"}}, {"model": "auth.permission", "pk": 88, "fields": {"name": "Can view store rating", "content_type": 22, "codename": "view_storerating"}}, {"model": "auth.permission", "pk": 89, "fields": {"name": "Can add verification seller", "content_type": 23, "codename": "add_verificationseller"}}, {"model": "auth.permission", "pk": 90, "fields": {"name": "Can change verification seller", "content_type": 23, "codename": "change_verificationseller"}}, {"model": "auth.permission", "pk": 91, "fields": {"name": "Can delete verification seller", "content_type": 23, "codename": "delete_verificationseller"}}, {"model": "auth.permission", "pk": 92, "fields": {"name": "Can view verification seller", "content_type": 23, "codename": "view_verificationseller"}}, {"model": "auth.permission", "pk": 93, "fields": {"name": "Can add application", "content_type": 24, "codename": "add_application"}}, {"model": "auth.permission", "pk": 94, "fields": {"name": "Can change application", "content_type": 24, "codename": "change_application"}}, {"model": "auth.permission", "pk": 95, "fields": {"name": "Can delete application", "content_type": 24, "codename": "delete_application"}}, {"model": "auth.permission", "pk": 96, "fields": {"name": "Can view application", "content_type": 24, "codename": "view_application"}}, {"model": "auth.permission", "pk": 97, "fields": {"name": "Can add access token", "content_type": 25, "codename": "add_accesstoken"}}, {"model": "auth.permission", "pk": 98, "fields": {"name": "Can change access token", "content_type": 25, "codename": "change_accesstoken"}}, {"model": "auth.permission", "pk": 99, "fields": {"name": "Can delete access token", "content_type": 25, "codename": "delete_accesstoken"}}, {"model": "auth.permission", "pk": 100, "fields": {"name": "Can view access token", "content_type": 25, "codename": "view_accesstoken"}}, {"model": "auth.permission", "pk": 101, "fields": {"name": "Can add grant", "content_type": 26, "codename": "add_grant"}}, {"model": "auth.permission", "pk": 102, "fields": {"name": "Can change grant", "content_type": 26, "codename": "change_grant"}}, {"model": "auth.permission", "pk": 103, "fields": {"name": "Can delete grant", "content_type": 26, "codename": "delete_grant"}}, {"model": "auth.permission", "pk": 104, "fields": {"name": "Can view grant", "content_type": 26, "codename": "view_grant"}}, {"model": "auth.permission", "pk": 105, "fields": {"name": "Can add refresh token", "content_type": 27, "codename": "add_refreshtoken"}}, {"model": "auth.permission", "pk": 106, "fields": {"name": "Can change refresh token", "content_type": 27, "codename": "change_refreshtoken"}}, {"model": "auth.permission", "pk": 107, "fields": {"name": "Can delete refresh token", "content_type": 27, "codename": "delete_refreshtoken"}}, {"model": "auth.permission", "pk": 108, "fields": {"name": "Can view refresh token", "content_type": 27, "codename": "view_refreshtoken"}}, {"model": "auth.permission", "pk": 109, "fields": {"name": "Can add id token", "content_type": 28, "codename": "add_idtoken"}}, {"model": "auth.permission", "pk": 110, "fields": {"name": "Can change id token", "content_type": 28, "codename": "change_idtoken"}}, {"model": "auth.permission", "pk": 111, "fields": {"name": "Can delete id token", "content_type": 28, "codename": "delete_idtoken"}}, {"model": "auth.permission", "pk": 112, "fields": {"name": "Can view id token", "content_type": 28, "codename": "view_idtoken"}}, {"model": "contenttypes.contenttype", "pk": 1, "fields": {"app_label": "admin", "model": "logentry"}}, {"model": "contenttypes.contenttype", "pk": 2, "fields": {"app_label": "auth", "model": "permission"}}, {"model": "contenttypes.contenttype", "pk": 3, "fields": {"app_label": "auth", "model": "group"}}, {"model": "contenttypes.contenttype", "pk": 4, "fields": {"app_label": "contenttypes", "model": "contenttype"}}, {"model": "contenttypes.contenttype", "pk": 5, "fields": {"app_label": "sessions", "model": "session"}}, {"model": "contenttypes.contenttype", "pk": 6, "fields": {"app_label": "eshopapis", "model": "attribute"}}, {"model": "contenttypes.contenttype", "pk": 7, "fields": {"app_label": "eshopapis", "model": "product"}}, {"model": "contenttypes.contenttype", "pk": 8, "fields": {"app_label": "eshopapis", "model": "user"}}, {"model": "contenttypes.contenttype", "pk": 9, "fields": {"app_label": "eshopapis", "model": "attributevalue"}}, {"model": "contenttypes.contenttype", "pk": 10, "fields": {"app_label": "eshopapis", "model": "cart"}}, {"model": "contenttypes.contenttype", "pk": 11, "fields": {"app_label": "eshopapis", "model": "commentuser"}}, {"model": "contenttypes.contenttype", "pk": 12, "fields": {"app_label": "eshopapis", "model": "commentseller"}}, {"model": "contenttypes.contenttype", "pk": 13, "fields": {"app_label": "eshopapis", "model": "commentimage"}}, {"model": "contenttypes.contenttype", "pk": 14, "fields": {"app_label": "eshopapis", "model": "order"}}, {"model": "contenttypes.contenttype", "pk": 15, "fields": {"app_label": "eshopapis", "model": "payment"}}, {"model": "contenttypes.contenttype", "pk": 16, "fields": {"app_label": "eshopapis", "model": "category"}}, {"model": "contenttypes.contenttype", "pk": 17, "fields": {"app_label": "eshopapis", "model": "productrating"}}, {"model": "contenttypes.contenttype", "pk": 18, "fields": {"app_label": "eshopapis", "model": "productvariant"}}, {"model": "contenttypes.contenttype", "pk": 19, "fields": {"app_label": "eshopapis", "model": "cartdetail"}}, {"model": "contenttypes.contenttype", "pk": 20, "fields": {"app_label": "eshopapis", "model": "store"}}, {"model": "contenttypes.contenttype", "pk": 21, "fields": {"app_label": "eshopapis", "model": "orderdetail"}}, {"model": "contenttypes.contenttype", "pk": 22, "fields": {"app_label": "eshopapis", "model": "storerating"}}, {"model": "contenttypes.contenttype", "pk": 23, "fields": {"app_label": "eshopapis", "model": "verificationseller"}}, {"model": "contenttypes.contenttype", "pk": 24, "fields": {"app_label": "oauth2_provider", "model": "application"}}, {"model": "contenttypes.contenttype", "pk": 25, "fields": {"app_label": "oauth2_provider", "model": "accesstoken"}}, {"model": "contenttypes.contenttype", "pk": 26, "fields": {"app_label": "oauth2_provider", "model": "grant"}}, {"model": "contenttypes.contenttype", "pk": 27, "fields": {"app_label": "oauth2_provider", "model": "refreshtoken"}}, {"model": "contenttypes.contenttype", "pk": 28, "fields": {"app_label": "oauth2_provider", "model": "idtoken"}}, {"model": "sessions.session", "pk": "cdkxwk7nkqmnmmjr4k8rj6wi38e3iem2", "fields": {"session_data": ".eJxVjDsOwjAQBe_iGlmx499S0nMGy2vv4gBypDipEHeHSCmgfTPzXiKmba1x67TEqYizUOL0u2HKD2o7KPfUbrPMc1uXCeWuyIN2eZ0LPS-H-3dQU6_f2oIHlZ1RODhtioeQcUgAVgdkwwRK5wTsApsMTCMxKWdLsIyjUR7E-wPR_zfQ:1uM4zc:ep2-pxZUzQgy9A06kb0DMY_8xTHw48nhtXL03MmxB7c", "expire_date": "2025-06-16T13:14:20.100Z"}}, {"model": "eshopapis.user", "pk": 1, "fields": {"password": "pbkdf2_sha256$870000$Fxc4FITmNKKcNGMvKswIyg$LLhqNJuUZvrqqbO1TN0KZgzrn7RdBX+k9p0TTZxv7Pk=", "last_login": "2025-06-02T13:14:20.095Z", "is_superuser": true, "username": "admin", "first_name": "", "last_name": "", "email": "Admin@gmail.com", "is_staff": true, "is_active": true, "date_joined": "2025-06-02T13:14:14.709Z", "avatar": null, "user_role": "CUS", "address": {}, "phone_number": null, "groups": [], "user_permissions": []}}, {"model": "eshopapis.user", "pk": 2, "fields": {"password": "pbkdf2_sha256$870000$1871a7k4ulV0F3UBLjAXEB$XwKRMRBhiL93HpxgIRe1L86j9yftAfWZxqwN3T/9de4=", "last_login": null, "is_superuser": false, "username": "vanthanh", "first_name": "Thành", "last_name": "Đặng", "email": "dangthanh@gmail.com", "is_staff": false, "is_active": true, "date_joined": "2025-06-02T13:18:41.587Z", "avatar": "image/upload/v1748870324/reaicdxpyd1qafgfxlav.jpg", "user_role": "SE", "address": {}, "phone_number": null, "groups": [], "user_permissions": []}}, {"model": "eshopapis.user", "pk": 3, "fields": {"password": "pbkdf2_sha256$870000$tERF7QeqhRuopgaqyACi7f$cAGHmRTzGOcMIKzI9UAXZuvhuac0AcTqSXF3JxDNPOA=", "last_login": null, "is_superuser": false, "username": "employee", "first_name": "Employee", "last_name": "", "email": "", "is_staff": false, "is_active": true, "date_joined": "2025-06-02T13:24:33Z", "avatar": "image/upload/v1748870811/toa0bjw544nfzzw2wbp4.jpg", "user_role": "EM", "address": {}, "phone_number": null, "groups": [], "user_permissions": []}}, {"model": "eshopapis.user", "pk": 4, "fields": {"password": "pbkdf2_sha256$870000$KiNSyCo4Te22qOxxugya3X$KwruYvR+X/bMYSexVPptzsMXGD6O7PHwjj27vyXYlZY=", "last_login": null, "is_superuser": false, "username": "dangthanh", "first_name": "Thành", "last_name": "Văn", "email": "thanh@gmail.com", "is_staff": false, "is_active": true, "date_joined": "2025-06-02T14:03:41.000Z", "avatar": "image/upload/v1748873021/errzk5yp4iibsgq4r53h.jpg", "user_role": "CUS", "address": {}, "phone_number": null, "groups": [], "user_permissions": []}}, {"model": "eshopapis.verificationseller", "pk": 1, "fields": {"user": 2, "created_date": "2025-06-02T13:28:56.762Z", "updated_date": "2025-06-02T13:34:39.509Z", "status": "AC", "reason": null, "employee": 3, "temp_store_name": "Thanh's Store", "temp_store_description": "Cái gì cũng bán", "temp_store_logo": "image/upload/v1748870937/shl4cbjw18mrno7vd1t4.jpg", "temp_store_address": "Eabar, DakLak, Vietnam", "temp_owner_name": "Đặng Văn Thành", "temp_owner_ident": "0000000000"}}, {"model": "eshopapis.store", "pk": 1, "fields": {"active": true, "created_date": "2025-06-02T13:34:39.524Z", "updated_date": "2025-06-02T13:34:39.524Z", "logo": "image/upload/v1748870937/shl4cbjw18mrno7vd1t4.jpg", "name": "Thanh's Store", "description": "Cái gì cũng bán", "store_address": "Eabar, DakLak, Vietnam", "owner": 2, "owner_name": "Đặng Văn Thành", "owner_ident": "0000000000"}}, {"model": "eshopapis.product", "pk": 1, "fields": {"active": true, "created_date": "2025-06-02T14:00:38.896Z", "updated_date": "2025-06-02T14:47:24.988Z", "logo": "image/upload/v1748872840/fjp5cubjdtdqg8v6wczc.jpg", "name": "Áo sơ mi", "description": "Một cái áo sơ mi", "store": 1}}, {"model": "eshopapis.category", "pk": 1, "fields": {"name": "Bách hóa online", "logo": "image/upload/v1748872387/bvjqv5ri6x1frrlppffi.png", "products": []}}, {"model": "eshopapis.category", "pk": 2, "fields": {"name": "Ba lô", "logo": "image/upload/v1748872410/vuedd45rxh0fxtp3agv9.webp", "products": []}}, {"model": "eshopapis.category", "pk": 3, "fields": {"name": "Điện đa dụng", "logo": "image/upload/v1748872422/ub4lbwo3zwejzpcg5qrm.jpg", "products": []}}, {"model": "eshopapis.category", "pk": 4, "fields": {"name": "Điện thoại", "logo": "image/upload/v1748872439/j1lovtyozgv27vyz2cng.jpg", "products": []}}, {"model": "eshopapis.category", "pk": 5, "fields": {"name": "Điện tử", "logo": "image/upload/v1748872450/pfrz3e2bbh1pjzez4nae.jpg", "products": []}}, {"model": "eshopapis.category", "pk": 6, "fields": {"name": "Đồ chơi", "logo": "image/upload/v1748872471/fos0ghhmvivxsivsiolc.jpg", "products": []}}, {"model": "eshopapis.category", "pk": 7, "fields": {"name": "Đồng hồ", "logo": "image/upload/v1748872484/ojds7gqdb3jpv2h6cl1v.jpg", "products": []}}, {"model": "eshopapis.category", "pk": 8, "fields": {"name": "Du lịch", "logo": "image/upload/v1748872494/kheivmrdwqess2lvpp9d.jpg", "products": []}}, {"model": "eshopapis.category", "pk": 9, "fields": {"name": "Dụng cụ học tập", "logo": "image/upload/v1748872505/dnjsd3mxyyip9f8hrki5.jpg", "products": []}}, {"model": "eshopapis.category", "pk": 10, "fields": {"name": "Giặt giũ & Nội trợ", "logo": "image/upload/v1748872530/srnsnytjunvh7xcqtmoc.webp", "products": []}}, {"model": "eshopapis.category", "pk": 11, "fields": {"name": "Máy ảnh", "logo": "image/upload/v1748872541/vj556xpzjvoc52kjvybm.png", "products": []}}, {"model": "eshopapis.category", "pk": 12, "fields": {"name": "Máy tính", "logo": "image/upload/v1748872549/c3isz4nrh7wpehikporv.jpg", "products": []}}, {"model": "eshopapis.category", "pk": 13, "fields": {"name": "Mỹ phẩm", "logo": "image/upload/v1748872559/ldgjz38gyjf5zyypjihr.png", "products": []}}, {"model": "eshopapis.category", "pk": 14, "fields": {"name": "Nội thất", "logo": "image/upload/v1748872569/bu0gi2c1wjlhjvc1ks50.png", "products": []}}, {"model": "eshopapis.category", "pk": 15, "fields": {"name": "Sách", "logo": "image/upload/v1748872579/zbtdhhnm02nlrfaezlxy.png", "products": []}}, {"model": "eshopapis.category", "pk": 16, "fields": {"name": "Sách khỏe", "logo": "image/upload/v1748872591/gasemoixtq9lnvsw4cch.webp", "products": []}}, {"model": "eshopapis.category", "pk": 17, "fields": {"name": "Thể thao", "logo": "image/upload/v1748872599/frpjcv4abyksxwxndw45.webp", "products": []}}, {"model": "eshopapis.category", "pk": 18, "fields": {"name": "Thời trang", "logo": "image/upload/v1748872610/jlcwkuuzgcegaxtixnhh.png", "products": [1]}}, {"model": "eshopapis.category", "pk": 19, "fields": {"name": "Thú cưng", "logo": "image/upload/v1748872623/wqrbw1bwbi6eaarjbyty.webp", "products": []}}, {"model": "eshopapis.category", "pk": 20, "fields": {"name": "Trang sức", "logo": "image/upload/v1748872632/gn983pebaggmyojwlrup.webp", "products": []}}, {"model": "eshopapis.category", "pk": 21, "fields": {"name": "Trang trí", "logo": "image/upload/v1748872645/voyhf9icj1tsmhxmlm1a.png", "products": []}}, {"model": "eshopapis.category", "pk": 22, "fields": {"name": "Xe máy & Ô tô & Xe đạp", "logo": "image/upload/v1748872665/ge7btbuda0vqsta6lgkf.webp", "products": []}}, {"model": "eshopapis.category", "pk": 23, "fields": {"name": "Khác", "logo": "image/upload/v1748872675/ehq3rigyh1y06sjau0ie.webp", "products": [1]}}, {"model": "eshopapis.attribute", "pk": 1, "fields": {"name": "Màu sắc"}}, {"model": "eshopapis.attribute", "pk": 2, "fields": {"name": "Size"}}, {"model": "eshopapis.attributevalue", "pk": 1, "fields": {"value": "Xanh", "attribute": 1}}, {"model": "eshopapis.attributevalue", "pk": 2, "fields": {"value": "41", "attribute": 2}}, {"model": "eshopapis.attributevalue", "pk": 3, "fields": {"value": "40", "attribute": 2}}, {"model": "eshopapis.attributevalue", "pk": 4, "fields": {"value": "Đen", "attribute": 1}}, {"model": "eshopapis.attributevalue", "pk": 5, "fields": {"value": "Kem", "attribute": 1}}, {"model": "eshopapis.productvariant", "pk": 9, "fields": {"active": true, "created_date": "2025-06-02T14:47:25.015Z", "updated_date": "2025-06-02T14:47:25.015Z", "logo": "image/upload/v1748872841/gyakvdiuc9gqoy172j98.jpg", "quantity": 30, "price": 400000.0, "product": 1, "attributes": [1, 2]}}, {"model": "eshopapis.productvariant", "pk": 10, "fields": {"active": true, "created_date": "2025-06-02T14:47:25.027Z", "updated_date": "2025-06-02T14:47:25.027Z", "logo": "image/upload/v1748872842/d2yj5g8vpl6wtbkch5fn.jpg", "quantity": 50, "price": 360000.0, "product": 1, "attributes": [1, 3]}}, {"model": "eshopapis.productvariant", "pk": 11, "fields": {"active": true, "created_date": "2025-06-02T14:47:25.039Z", "updated_date": "2025-06-02T14:47:25.039Z", "logo": "image/upload/v1748872843/e7hkdpot7i7a1mncbiep.jpg", "quantity": 50, "price": 415000.0, "product": 1, "attributes": [2, 4]}}, {"model": "eshopapis.productvariant", "pk": 12, "fields": {"active": true, "created_date": "2025-06-02T14:47:25.051Z", "updated_date": "2025-06-02T14:47:25.051Z", "logo": "image/upload/v1748872844/ywk1tok0f5ms4w3ml3gl.jpg", "quantity": 50, "price": 289000.0, "product": 1, "attributes": [3, 4]}}, {"model": "eshopapis.cart", "pk": 1, "fields": {"total_quantity": 0, "user": 2}}, {"model": "eshopapis.cart", "pk": 2, "fields": {"total_quantity": 0, "user": 4}}, {"model": "oauth2_provider.application", "pk": 1, "fields": {"client_id": "ONUdNIUXAlelwjWJZjq4kl2qiFfdo4uF1GzCwFhB", "user": 1, "redirect_uris": "", "post_logout_redirect_uris": "", "client_type": "confidential", "authorization_grant_type": "password", "client_secret": "pbkdf2_sha256$870000$tzYi0R9Uqh5uwMQUyKjEWt$89nvDpNV/dZkOdd6VjdgKziwZDbAF65bLXkwYQvH8dM=", "hash_client_secret": true, "name": "lulushop", "skip_authorization": false, "created": "2025-06-02T13:15:19.778Z", "updated": "2025-06-02T13:15:19.778Z", "algorithm": "", "allowed_origins": ""}}, {"model": "oauth2_provider.accesstoken", "pk": 1, "fields": {"user": 2, "source_refresh_token": null, "token": "32wKovKdoNTaScaOKO8vUVmTubRuqi", "token_checksum": "a7b29d1422e64e53b646e5fe87a03ee335d635ea4895b909e22815cd3cc33453", "id_token": null, "application": 1, "expires": "2025-06-02T23:18:54.228Z", "scope": "read write", "created": "2025-06-02T13:18:54.228Z", "updated": "2025-06-02T13:18:54.228Z"}}, {"model": "oauth2_provider.accesstoken", "pk": 2, "fields": {"user": 3, "source_refresh_token": null, "token": "4HYbiUnNzr1cN8vAngRRbtTShSpYZn", "token_checksum": "42f4c578ed98c8df360f2868e22b85468943ef8ad495551fb1d1e5c54bbe42ad", "id_token": null, "application": 1, "expires": "2025-06-02T23:30:20.264Z", "scope": "read write", "created": "2025-06-02T13:30:20.264Z", "updated": "2025-06-02T13:30:20.264Z"}}, {"model": "oauth2_provider.accesstoken", "pk": 3, "fields": {"user": 3, "source_refresh_token": null, "token": "OQRukxgdxn9a95Gu7PKCQvDm7SbOsq", "token_checksum": "6ea0cd91fd7c9d78915176740968e1f89681d9759e644abba3d5ea56e750d9ce", "id_token": null, "application": 1, "expires": "2025-06-02T23:33:24.421Z", "scope": "read write", "created": "2025-06-02T13:33:24.421Z", "updated": "2025-06-02T13:33:24.421Z"}}, {"model": "oauth2_provider.accesstoken", "pk": 4, "fields": {"user": 3, "source_refresh_token": null, "token": "IiObmGdVzOV5vv57Ii03HrDyOEzKCl", "token_checksum": "b7b95da528ffe214092fbbee2afb0f3c363943794918dcbc6a377365d3483a70", "id_token": null, "application": 1, "expires": "2025-06-02T23:34:24.250Z", "scope": "read write", "created": "2025-06-02T13:34:24.250Z", "updated": "2025-06-02T13:34:24.250Z"}}, {"model": "oauth2_provider.accesstoken", "pk": 5, "fields": {"user": 2, "source_refresh_token": null, "token": "5nNYUsZLvgMHPCnNZTv7GeEpnsjiFT", "token_checksum": "6a783813ce3acc656bcb55086366b702037711a79832260abbbf4538598036a3", "id_token": null, "application": 1, "expires": "2025-06-02T23:35:07.000Z", "scope": "read write", "created": "2025-06-02T13:35:07.000Z", "updated": "2025-06-02T13:35:07.000Z"}}, {"model": "oauth2_provider.accesstoken", "pk": 6, "fields": {"user": 2, "source_refresh_token": null, "token": "HFcfjVpBt0pCypmAyAGkKWxugSaeoT", "token_checksum": "fc380a8a79529ab89b92cc98040916c7d6310baa26374d9162d4bff2021dedb9", "id_token": null, "application": 1, "expires": "2025-06-02T23:40:20.916Z", "scope": "read write", "created": "2025-06-02T13:40:20.916Z", "updated": "2025-06-02T13:40:20.916Z"}}, {"model": "oauth2_provider.accesstoken", "pk": 7, "fields": {"user": 4, "source_refresh_token": null, "token": "hadase2qFNoSF9LTpP0wZG1tFDYgPD", "token_checksum": "4a18b4f8508d3bf9772ca513ec3f2a76b3b60a6f520f9944c38e4559fd948a42", "id_token": null, "application": 1, "expires": "2025-06-03T00:03:49.931Z", "scope": "read write", "created": "2025-06-02T14:03:49.931Z", "updated": "2025-06-02T14:03:49.931Z"}}, {"model": "oauth2_provider.accesstoken", "pk": 8, "fields": {"user": 2, "source_refresh_token": null, "token": "l6e6HC4mE8GHsEqdDc50damoZufDdA", "token_checksum": "16edb20acff898c1aee463f79e6ef2ef406b91dfa637efafa6861a51c64eb245", "id_token": null, "application": 1, "expires": "2025-06-03T00:08:24.139Z", "scope": "read write", "created": "2025-06-02T14:08:24.139Z", "updated": "2025-06-02T14:08:24.139Z"}}, {"model": "oauth2_provider.accesstoken", "pk": 9, "fields": {"user": 4, "source_refresh_token": null, "token": "GwFSCHdP1EkoG66FwZahFJt6bAiV1l", "token_checksum": "290dbc911bf427278bc23e2dfd02661561aa7b04c0555bd9dc26b91dde656714", "id_token": null, "application": 1, "expires": "2025-06-03T00:24:45.276Z", "scope": "read write", "created": "2025-06-02T14:24:45.276Z", "updated": "2025-06-02T14:24:45.276Z"}}, {"model": "oauth2_provider.accesstoken", "pk": 10, "fields": {"user": 4, "source_refresh_token": null, "token": "iNscTncaA2t0SrVLH3xK1hxaBX6Uuk", "token_checksum": "5d18dccd7fcbd7d13c809b1e6a6c2b45db248347027a573b71ef0f7e6ad10a67", "id_token": null, "application": 1, "expires": "2025-06-03T00:30:17.269Z", "scope": "read write", "created": "2025-06-02T14:30:17.269Z", "updated": "2025-06-02T14:30:17.269Z"}}, {"model": "oauth2_provider.accesstoken", "pk": 11, "fields": {"user": 2, "source_refresh_token": null, "token": "cRbPPZAPYJYYnQJtzm80dVltFijE3l", "token_checksum": "0d5b7fb875f02574460fa274faf26ed4d84f23566883cc5b6ad8f580d0d6656d", "id_token": null, "application": 1, "expires": "2025-06-03T00:48:40.194Z", "scope": "read write", "created": "2025-06-02T14:48:40.194Z", "updated": "2025-06-02T14:48:40.194Z"}}, {"model": "oauth2_provider.accesstoken", "pk": 12, "fields": {"user": 2, "source_refresh_token": null, "token": "ItcopgQ6OjjMlu9Qp2LDNmDoHVZpOw", "token_checksum": "81574838a936fe9c160cee848c18944efd632bdd0a9b7cbb654912cf4db307a0", "id_token": null, "application": 1, "expires": "2025-06-03T00:48:56.922Z", "scope": "read write", "created": "2025-06-02T14:48:56.922Z", "updated": "2025-06-02T14:48:56.922Z"}}, {"model": "oauth2_provider.refreshtoken", "pk": 1, "fields": {"user": 2, "token": "Tohr5L3aPofSyHnFb4ekLQdC8lHrt1", "application": 1, "access_token": 1, "token_family": "ba564f4b-6338-4da5-a63a-9ce54e937272", "created": "2025-06-02T13:18:54.228Z", "updated": "2025-06-02T13:18:54.228Z", "revoked": null}}, {"model": "oauth2_provider.refreshtoken", "pk": 2, "fields": {"user": 3, "token": "4HsOvHRyr0gRajuG21UgiPIHIlgSTK", "application": 1, "access_token": 2, "token_family": "fcffc098-dd98-4626-bb68-0159f6934201", "created": "2025-06-02T13:30:20.265Z", "updated": "2025-06-02T13:30:20.265Z", "revoked": null}}, {"model": "oauth2_provider.refreshtoken", "pk": 3, "fields": {"user": 3, "token": "PMK2QaNxVr8yZN3bKUUioLI1IW5Luu", "application": 1, "access_token": 3, "token_family": "40f69a85-b93b-44e1-946c-4ab8fe406fbb", "created": "2025-06-02T13:33:24.421Z", "updated": "2025-06-02T13:33:24.421Z", "revoked": null}}, {"model": "oauth2_provider.refreshtoken", "pk": 4, "fields": {"user": 3, "token": "QXoftODD0xt1olmxjpq8HMMvnnFCLm", "application": 1, "access_token": 4, "token_family": "e7bb577c-7ff0-4490-bbb9-f255a7dfb3d7", "created": "2025-06-02T13:34:24.250Z", "updated": "2025-06-02T13:34:24.250Z", "revoked": null}}, {"model": "oauth2_provider.refreshtoken", "pk": 5, "fields": {"user": 2, "token": "WGhfM3RuN0BaRtaKposirNoOieEOjX", "application": 1, "access_token": 5, "token_family": "de8fdd7b-04b1-4881-982f-ba9599a1f6b2", "created": "2025-06-02T13:35:07.000Z", "updated": "2025-06-02T13:35:07.000Z", "revoked": null}}, {"model": "oauth2_provider.refreshtoken", "pk": 6, "fields": {"user": 2, "token": "nyqb8Zr11MnQFSy6iAbhQTSuEELDNF", "application": 1, "access_token": 6, "token_family": "4c6da3e0-7ca3-41a5-8fdd-0057502d4644", "created": "2025-06-02T13:40:20.916Z", "updated": "2025-06-02T13:40:20.916Z", "revoked": null}}, {"model": "oauth2_provider.refreshtoken", "pk": 7, "fields": {"user": 4, "token": "uNqz2dBbAs8a4eUiTh75qZQKd7QXXA", "application": 1, "access_token": 7, "token_family": "3f3662c5-d867-46dc-b9d3-54bc5149418d", "created": "2025-06-02T14:03:49.931Z", "updated": "2025-06-02T14:03:49.931Z", "revoked": null}}, {"model": "oauth2_provider.refreshtoken", "pk": 8, "fields": {"user": 2, "token": "KMRh2om2nZDw7kWBL1cI9og6ta6caT", "application": 1, "access_token": 8, "token_family": "4e2d62b8-f7e6-4493-bbad-fd304167f966", "created": "2025-06-02T14:08:24.139Z", "updated": "2025-06-02T14:08:24.139Z", "revoked": null}}, {"model": "oauth2_provider.refreshtoken", "pk": 9, "fields": {"user": 4, "token": "AZFDzpbS25NToGNiYhahejSVwckQmx", "application": 1, "access_token": 9, "token_family": "eba70f1c-8544-4df8-9b34-260176a705cb", "created": "2025-06-02T14:24:45.277Z", "updated": "2025-06-02T14:24:45.277Z", "revoked": null}}, {"model": "oauth2_provider.refreshtoken", "pk": 10, "fields": {"user": 4, "token": "OjCJpXK5ZUg83aiaAZMJKkiAa0P0Fq", "application": 1, "access_token": 10, "token_family": "c927ceb7-d510-4806-a1d3-28bec19176d3", "created": "2025-06-02T14:30:17.270Z", "updated": "2025-06-02T14:30:17.270Z", "revoked": null}}, {"model": "oauth2_provider.refreshtoken", "pk": 11, "fields": {"user": 2, "token": "a5F8nO3gASLb34zEP5jgPS9m6YutCg", "application": 1, "access_token": 11, "token_family": "58f42507-dec1-4462-a00e-aacce791935e", "created": "2025-06-02T14:48:40.195Z", "updated": "2025-06-02T14:48:40.195Z", "revoked": null}}, {"model": "oauth2_provider.refreshtoken", "pk": 12, "fields": {"user": 2, "token": "5ntc4M5spMf3wIR82R81SeDZCoSxLC", "application": 1, "access_token": 12, "token_family": "43547eee-dad5-4868-9ead-12063c07fd20", "created": "2025-06-02T14:48:56.923Z", "updated": "2025-06-02T14:48:56.923Z", "revoked": null}}]